{"stats":{"minecraft:mined":{"minecraft:short_grass":3,"minecraft:grass_block":2},"minecraft:custom":{"minecraft:jump":53,"minecraft:time_since_rest":10827,"minecraft:damage_taken":20,"minecraft:leave_game":3,"minecraft:crouch_one_cm":345,"minecraft:play_time":10827,"minecraft:sprint_one_cm":6323,"minecraft:time_since_death":10827,"minecraft:walk_on_water_one_cm":617,"minecraft:walk_one_cm":8296,"minecraft:sneak_time":75,"minecraft:total_world_time":10827,"minecraft:walk_under_water_one_cm":220,"minecraft:swim_one_cm":2305,"minecraft:fall_one_cm":1569,"minecraft:fly_one_cm":12549},"minecraft:used":{"minecraft:dirt":2},"minecraft:picked_up":{"minecraft:dirt":2,"minecraft:egg":1}},"DataVersion":3955}